ID,cluster
KX148220,Africa_A1
KX148222,Africa_A1
KX148244,Africa_A1
MG458308,Africa_A1
KX148230,Africa-2_A1
KX148233,Africa-2_A1
KX148236,Africa-2_A1
MH514968,Africa-2_A1.1
MH514969,Africa-2_A1.1
MH514970,Africa-2_A1.1
MH514973,Africa-2_A1.1.1
MH514977,Africa-2_A1.1.1
MH514985,Africa-2_A1.1.1
EU853620,Africa-2_A1.2
MN049984,Africa-2_A1.2
U22486,Africa-2_A1.2
EU514581,Africa-2_A1.2.1
EU853612,Africa-2_A1.2.1
MK471248,Africa-2_A1.2.1
EU038093,Africa-2_A1.3
KX148243,Africa-2_A1.3
U22634,Africa-2_A1.3
EU853630,Africa-2_B1
EU853642,Africa-2_B1
EU853644,Africa-2_B1
KX148219,Africa-3_A1
KY553255,Africa-3_A1
KY553266,Africa-3_A1
FJ392385,Africa-3_A1.1
FJ392387,Africa-3_A1.1
JQ692983,Africa-3_A1.1
JQ692991,Africa-3_A1.1
KU198471,Arctic A_A1
KX036361,Arctic A_A1
KX954123,Arctic A_A1
MN233952,Arctic A_A1.1
MN233955,Arctic A_A1.1
MN233959,Arctic A_A1.1
MN234017,Arctic A_A1.1
KU198466,Arctic A_A1.1.1
MN233912,Arctic A_A1.1.1
MN234016,Arctic A_A1.1.1
KX036366,Arctic A_A1.1.2
MN233914,Arctic A_A1.1.2
MN234018,Arctic A_A1.1.2
KX036362,Arctic A_A1.2
KX036367,Arctic A_A1.2
LM645018,Arctic A_A1.2
LM645023,Arctic A_A1.2.1
LM645034,Arctic A_A1.2.1
LM645036,Arctic A_A1.2.1
LT598543,Arctic A_A1.2.1
LM645051,Arctic A_A1.3
LM645053,Arctic A_A1.3
LM645054,Arctic A_A1.3
LM645042,Arctic A_A1.3.1
LM645043,Arctic A_A1.3.1
LM645044,Arctic A_A1.3.1
MN233995,Arctic A_A1.4
MN234005,Arctic A_A1.4
MN234051,Arctic A_A1.4
MN234054,Arctic A_A1.4
MK540895,Arctic A_B1
MK540896,Arctic A_B1
MK540920,Arctic A_B1
MK540964,Arctic A_B1.1
MK540986,Arctic A_B1.1
MK540992,Arctic A_B1.1
MK540912,Arctic A_B1.1.1
MK540913,Arctic A_B1.1.1
MK540927,Arctic A_B1.1.1
MK540936,Arctic A_B1.2
MK540957,Arctic A_B1.2
MK540971,Arctic A_B1.2
MK540947,Arctic A_B1.2.1
MK540978,Arctic A_B1.2.1
MK540984,Arctic A_B1.2.1
MK540894,Arctic A_B1.3
MK540901,Arctic A_B1.3
MK540903,Arctic A_B1.3
MK540907,Arctic A_B1.3
MK540928,Arctic A_B1.4
MK540966,Arctic A_B1.4
MK540972,Arctic A_B1.4
MK540911,Arctic A_B1.5
MK540915,Arctic A_B1.5
MK540919,Arctic A_B1.5
MK540977,Arctic A_B1.5
MN233906,Arctic A_C1
MN233908,Arctic A_C1
MN233909,Arctic A_C1
KU198467,Arctic A_C1.1
MN234014,Arctic A_C1.1
MN234021,Arctic A_C1.1
MN233963,Arctic A_C1.1.1
MN233976,Arctic A_C1.1.1
MN233982,Arctic A_C1.1.1
LM645020,Arctic A_C1.2
LT598540,Arctic A_C1.2
MN233967,Arctic A_C1.2
MN233989,Arctic A_C1.2
MK540909,Arctic A_D1
MK540910,Arctic A_D1
MK540918,Arctic A_D1
MK540925,Arctic A_D1.1
MK540952,Arctic A_D1.1
MK540960,Arctic A_D1.1
MK540990,Arctic A_D1.1
MK540945,Arctic A_D1.1.1
MK540974,Arctic A_D1.1.1
MK540976,Arctic A_D1.1.1
MK540995,Arctic A_D1.1.1
MK540958,Arctic A_D1.2
MK540969,Arctic A_D1.2
MK540991,Arctic A_D1.2
MN233903,Arctic A_E1
MN233917,Arctic A_E1
MN233977,Arctic A_E1
LM645015,Arctic A_E1.1
LM645017,Arctic A_E1.1
MN234006,Arctic A_E1.1
MN234008,Arctic A_E1.1
MN233999,Arctic A_E1.1.1
MN234044,Arctic A_E1.1.1
MN234052,Arctic A_E1.1.1
KU198477,Arctic A_E1.1.2
MN233973,Arctic A_E1.1.2
MN233990,Arctic A_E1.1.2
MN233922,Arctic A_E1.2
MN233978,Arctic A_E1.2
MN234030,Arctic A_E1.2
LT598539,Arctic A_F1
MN233938,Arctic A_F1
MN234002,Arctic A_F1
MN418166,Arctic A_F1
MK541002,Arctic A_G1
MK541008,Arctic A_G1
MK541010,Arctic A_G1
MK541011,Arctic A_G1
HE802675,Arctic AL1a_A1
HE802676,Arctic AL1a_A1
MG011654,Arctic AL1a_A1
KC171643,Arctic AL2_A1
KC171645,Arctic AL2_A1
KY860613,Arctic AL2_A1
KY982922,Arctic AL2_A1
KY175229,Arctic AL2_A1.1
KY175230,Arctic AL2_A1.1
KY952219,Arctic AL2_A1.1
KY997452,Arctic AL2_A1.1
DQ076121,Arctic AL2_A1.1.1
DQ076123,Arctic AL2_A1.1.1
DQ076131,Arctic AL2_A1.1.1
GU937044,Arctic AL2_B1
KF709083,Arctic AL2_B1
AY730596,Arctic AL2_B1.1
DQ076126,Arctic AL2_B1.1
DQ076128,Arctic AL2_B1.1
GU937039,Arctic AL2_B1.1
AB699214,Arctic_A1
AB699217,Arctic_A1
KX148226,Arctic_A1
KC762941,Asian SEA1b_A1
MG201922,Asian SEA1b_A1
MN186250,Asian SEA1b_A1
JQ647510,Asian SEA1b_A1.1
JQ970484,Asian SEA1b_A1.1
MG458321,Asian SEA1b_A1.1
FJ712194,Asian SEA1b_A1.1.1
JQ970483,Asian SEA1b_A1.1.1
KC977995,Asian SEA1b_A1.1.1
MK689674,Asian SEA1b_A1.1.1
EU008921,Asian SEA1b_A1.1.2
EU086190,Asian SEA1b_A1.1.2
EU159389,Asian SEA1b_A1.1.2
KP319215,Asian SEA1b_A1.1.2
KJ564280,Asian SEA1b_B1
MK567666,Asian SEA1b_B1
MK577649,Asian SEA1b_B1
EU159363,Asian SEA1b_C1
KX096994,Asian SEA1b_C1
KX096997,Asian SEA1b_C1
MW055233,Asian SEA1b_C1
KT894563,Asian SEA1b_C1.1
KT894565,Asian SEA1b_C1.1
KT894566,Asian SEA1b_C1.1
MG383887,Asian SEA1b_C1.1
EU086182,Asian SEA2a_A1
EU086184,Asian SEA2a_A1
EU159386,Asian SEA2a_A1
GU358653,Asian SEA2a_A1
DQ666289,Asian SEA2a_A1.1
DQ866109,Asian SEA2a_A1.1
GQ472470,Asian SEA2a_A1.1
KT894578,Asian SEA2a_A1.1.1
MG201921,Asian SEA2a_A1.1.1
FJ598135,Asian SEA2b_A1
HQ118115,Asian SEA2b_A1
HQ118116,Asian SEA2b_A1
JN974877,Asian SEA2b_A1
FJ719755,Asian SEA2b_A1.1
KP319186,Asian SEA2b_A1.1
KP319199,Asian SEA2b_A1.1
KP319201,Asian SEA2b_A1.1
JQ950450,Asian SEA2b_A1.1.1
KP319194,Asian SEA2b_A1.1.1
KP319197,Asian SEA2b_A1.1.1
KP319205,Asian SEA2b_A1.1.1
JQ730682,Asian SEA3_A1
KX148258,Asian SEA3_A1
JN786878,Asian SEA3_A1.1
KX148250,Asian SEA3_A1.1
KX148251,Asian SEA3_A1.1
MN075931,Asian SEA3_A1.1
KM366249,Asian SEA3_A1.1.1
KM366265,Asian SEA3_A1.1.1
KM366283,Asian SEA3_A1.1.1
KM366244,Asian SEA3_B1
KM366333,Asian SEA3_B1
LC571945,Asian SEA4_A1
MN726841,Asian SEA4_A1
MN726858,Asian SEA4_A1.1
MN726840,Asian SEA4_A1.1
MN726873,Asian SEA4_A1.1
MN726854,Asian SEA4_A1.1.2
MN726855,Asian SEA4_A1.1.2
MN726881,Asian SEA4_A1.1.2
MN857169,Asian SEA4_A1.1.2
MN726845,Asian SEA4_A1.2
MN726880,Asian SEA4_A1.2
MN857171,Asian SEA4_A1.2
KP860155,Asian SEA5_A1
KP860185,Asian SEA5_A1
KP881356,Asian SEA5_A1
KP860152,Asian SEA5_A1.1
KP860158,Asian SEA5_A1.1
KP881354,Asian SEA5_A1.1
KF501183,Asian SEA5_A1.1.1
KF620489,Asian SEA5_A1.1.1
KP860167,Asian SEA5_A1.1.1
KP860169,Asian SEA5_A1.1.1
KF501184,Asian SEA5_A1.2
KP860146,Asian SEA5_A1.2
KP860176,Asian SEA5_A1.2
KF620488,Asian_A1
KF620489,Asian_A1
EF564174,Asian_A1.1
HQ317918,Asian_A1.1
KJ466147,Asian_A1.1
EU643590,Asian_A1.1.1
FJ712195,Asian_A1.1.1
MG201921,Asian_A1.1.1
JQ685942,Bat_A1
JQ685948,Bat_A1
JQ685973,Bat_A1
JQ685977,Bat_A1
KM594037,Bat_B1
KM594038,Bat_B1
MG458305,Bat_B1
EU293113,Bat_B1.1
JQ685953,Bat_B1.1
JQ685963,Bat_B1.1
KX148100,Bat_B1.1
JQ685900,Bat_C1
JQ685902,Bat_C1
JQ685910,Bat_C1
KM594024,Bat_C1
JQ685921,Bat_D1
JQ685957,Bat_D1
KM594030,Bat_D1
AY877433,Bats DR_A1
FJ228493,Bats DR_A1
GU991828,Bats DR_A1
AF351847,Bats DR_A1.1
GQ160911,Bats DR_A1.1
GQ160957,Bats DR_A1.1
U22479,Bats DR_A1.1
AB083808,Bats DR_A1.1.1
AB297630,Bats DR_A1.1.1
FJ649066,Bats DR_A1.1.1
FJ649072,Bats DR_A1.1.1
JF693465,Bats DR_A1.1.10
JX648411,Bats DR_A1.1.10
KU938688,Bats DR_A1.1.10
KU938848,Bats DR_A1.1.14
KU938870,Bats DR_A1.1.14
KU938881,Bats DR_A1.1.14
KU938888,Bats DR_A1.1.14
KF864406,Bats DR_A1.1.11
KF864410,Bats DR_A1.1.11
KF864413,Bats DR_A1.1.11
EF363730,Bats DR_A1.1.12
EF363735,Bats DR_A1.1.12
EF363738,Bats DR_A1.1.12
EF363740,Bats DR_A1.1.12
AB201819,Bats DR_A1.1.13
AB685227,Bats DR_A1.1.13
KX090639,Bats DR_A1.1.13
EU981929,Bats DR_A1.1.2
KF424538,Bats DR_A1.1.2
KF424539,Bats DR_A1.1.2
KX090585,Bats DR_A1.1.2
AB905545,Bats DR_A1.1.3
KF864312,Bats DR_A1.1.3
KF864409,Bats DR_A1.1.3
GQ160943,Bats DR_A1.1.4
GQ915425,Bats DR_A1.1.4
GQ915427,Bats DR_A1.1.4
HM585172,Bats DR_A1.1.4
HM368177,Bats DR_A1.1.5
HM368178,Bats DR_A1.1.5
JX648433,Bats DR_A1.1.5
KU938911,Bats DR_A1.1.5
GQ915419,Bats DR_A1.1.7
GQ915428,Bats DR_A1.1.7
HM585164,Bats DR_A1.1.7
HM585173,Bats DR_A1.1.7
FJ649090,Bats DR_A1.1.8
GQ160917,Bats DR_A1.1.8
GQ160925,Bats DR_A1.1.8
GQ160926,Bats DR_A1.1.8
JX648421,Bats DR_A1.1.9
KU938854,Bats DR_A1.1.9
KU938857,Bats DR_A1.1.9
KU938887,Bats DR_A1.1.9
AY877434,Bats DR_A1.2
FJ228491,Bats DR_A1.2
KU963510,Bats DR_A1.2
FJ228489,Bats DR_A1.2.1
MN968374,Bats DR_A1.2.1
MN968378,Bats DR_A1.2.1
MN968382,Bats DR_A1.2.1
JF693475,Bats DR_A1.3
JF693476,Bats DR_A1.3
JF693477,Bats DR_A1.3
JX648543,Bats DR_A1.3
JX648528,Bats DR_A1.3.1
JX648542,Bats DR_A1.3.1
KU938853,Bats DR_A1.3.1
KU938868,Bats DR_A1.3.1
FJ228492,Bats DR_A1.4
JF693461,Bats DR_A1.4
MK791205,Bats DR_A1.4
MK791216,Bats DR_A1.4
GU991827,Bats DR_A1.5
KU550097,Bats DR_A1.5
KU550098,Bats DR_A1.5
MK766721,Bats DR_A1.5
KU938698,Bats DR_B1
KU938767,Bats DR_B1
KU938797,Bats DR_B1
KU938802,Bats DR_B1
KU938828,Bats DR_B1.1
KU938866,Bats DR_B1.1
KU938884,Bats DR_B1.1
JX648472,Bats DR_E1
KU938765,Bats DR_E1
KU938810,Bats DR_E1
JX648486,Bats DR_E1.1
KU938730,Bats DR_E1.1
KU938734,Bats DR_E1.1
KU938835,Bats DR_E1.1
JX648487,Bats DR_E1.1.1
KU938718,Bats DR_E1.1.1
KU938733,Bats DR_E1.1.1
KU938785,Bats DR_E1.1.1
AB297634,Bats DR_H1
GQ915415,Bats DR_H1
HM585160,Bats DR_H1
HM585168,Bats DR_H1
KF864338,Bats DR_I1
KF864345,Bats DR_I1
KF864364,Bats DR_I1
KF864370,Bats DR_I1
GQ915405,Bats DR_K1
GQ915429,Bats DR_K1
HM585150,Bats DR_K1
HM585174,Bats DR_K1
JX648438,Bats DR_M1
JX648439,Bats DR_M1
JX648442,Bats DR_M1
JX648444,Bats DR_M1
AF351859,Bats EF-E1_A1
AF352645,Bats EF-E1_A1
GU644673,Bats EF-E1_A1
JQ685920,Bats EF-E1_A1
AF351831,Bats EF-E2_A1
AY039229,Bats EF-E2_A1
GU644671,Bats EF-E2_A1
AF351833,Bats EF-E2_A1.2
AF351855,Bats EF-E2_A1.2
KY203146,Bats EF-E2_A1.2
JQ685907,Bats EF-W1_A1
JQ685946,Bats EF-W1_A1
JQ685951,Bats EF-W1_A1
JQ685933,Bats EF-W1_A1.1
JQ685945,Bats EF-W1_A1.1
JQ685950,Bats EF-W1_A1.1
JQ685960,Bats EF-W1_A1.1
JQ685926,Bats EF-W1_A1.1.1
JQ685959,Bats EF-W1_A1.1.1
JQ685896,Bats EF-W1_A1.2
JQ685939,Bats EF-W1_A1.2
JQ685941,Bats EF-W1_A1.2
JQ685976,Bats EF-W1_A1.2
JQ685906,Bats EF-W1_B1
JQ685923,Bats EF-W1_B1
JQ685932,Bats EF-W1_B1
JQ685935,Bats EF-W1_B1
AF351830,Bats EF-W2_A1
AY170417,Bats EF-W2_A1
GU644680,Bats EF-W2_A1
GU644692,Bats EF-W2_A1
GU644647,Bats EF-W2_A1.1
JQ685914,Bats EF-W2_A1.1
JQ685924,Bats EF-W2_A1.1
JQ685948,Bats EF-W2_A1.1
GU644700,Bats LB2_A1
GU644711,Bats LB2_A1
KU963514,Bats LB2_A1
AF351858,Bats LC_A1
EU981924,Bats LC_A1
GU644739,Bats LC_A1
AF351842,Bats LN_A1
KY203050,Bats LN_A1
KY203073,Bats LN_A1
KY203149,Bats MYsp_A1
KY203166,Bats MYsp_A1
KY203167,Bats MYsp_A1
KY203088,Bats MYsp_A1.2
KY203175,Bats MYsp_A1.2
KY203121,Bats MYsp_A1.3
KY203157,Bats MYsp_A1.3
KY203164,Bats MYsp_A1.3
KY203067,Bats MYsp_A1.3.1
KY203162,Bats MYsp_A1.3.1
KY203184,Bats MYsp_A1.3.1
JQ685963,Bats TB1_A1
KJ001527,Bats TB1_A1
KJ001528,Bats TB1_A1
KU550101,Bats TB1_A1
FJ542364,Bats TB1_A1.1
GU644769,Bats TB1_A1.1
GU644775,Bats TB1_A1.1
GU991829,Bats TB1_A1.1
JF693482,Bats_A1
KM594030,Bats_A1
KM594031,Bats_A1
KX148194,Cosmopolitan AF1a_A1
KX148197,Cosmopolitan AF1a_A1
MK981888,Cosmopolitan AF1a_A1
KX148199,Cosmopolitan AF1a_A1.1
LT909531,Cosmopolitan AF1a_A1.1
MN726819,Cosmopolitan AF1a_A1.1
GU798109,Cosmopolitan AF1a_A1.2
GU798273,Cosmopolitan AF1a_A1.2
GU798290,Cosmopolitan AF1a_A1.2
GU798297,Cosmopolitan AF1a_A1.2
GU798274,Cosmopolitan AF1a_A1.2.1
GU798285,Cosmopolitan AF1a_A1.2.1
GU798286,Cosmopolitan AF1a_A1.2.1
GU798288,Cosmopolitan AF1a_A1.2.1
KR906763,Cosmopolitan AF1b_A1
KR906765,Cosmopolitan AF1b_A1
KX148205,Cosmopolitan AF1b_A1
KR906775,Cosmopolitan AF1b_A1.1
KY210275,Cosmopolitan AF1b_A1.1
LC029889,Cosmopolitan AF1b_A1.1
LT909536,Cosmopolitan AF1b_A1.1
KR906737,Cosmopolitan AF1b_A1.1.1
KY210220,Cosmopolitan AF1b_A1.1.1
KY210221,Cosmopolitan AF1b_A1.1.1
MN726803,Cosmopolitan AF1b_A1.1.1
KR906741,Cosmopolitan AF1b_A1.1.2
KR906749,Cosmopolitan AF1b_A1.1.2
KR906761,Cosmopolitan AF1b_A1.1.2
KR906762,Cosmopolitan AF1b_A1.1.2
KR906738,Cosmopolitan AF1b_B1
KR906786,Cosmopolitan AF1b_B1
KY210228,Cosmopolitan AF1b_B1
KR534232,Cosmopolitan AF1b_B1.1
KY210267,Cosmopolitan AF1b_B1.1
MN726811,Cosmopolitan AF1b_B1.1
KR534246,Cosmopolitan AF1b_B1.1.1
KR906771,Cosmopolitan AF1b_B1.1.1
KY210259,Cosmopolitan AF1b_B1.1.1
KY210260,Cosmopolitan AF1b_B1.1.1
KY210295,Cosmopolitan AF1b_B1.2
MN726802,Cosmopolitan AF1b_B1.2
MN726825,Cosmopolitan AF1b_B1.2
KR906788,Cosmopolitan AF1b_B1.3
KY210262,Cosmopolitan AF1b_B1.3
KY210303,Cosmopolitan AF1b_B1.3
KR906750,Cosmopolitan AF1b_C1
KR906754,Cosmopolitan AF1b_C1
MN726804,Cosmopolitan AF1b_C1
MN726827,Cosmopolitan AF1b_C1
GU991842,Cosmopolitan AM1_A1
GU991843,Cosmopolitan AM1_A1
JX855996,Cosmopolitan AM1_A1
JX856031,Cosmopolitan AM1_A1
KX148102,Cosmopolitan AM2a_A1
KX148112,Cosmopolitan AM2a_A1
KX708502,Cosmopolitan AM2a_A1
KX708504,Cosmopolitan AM2a_A1
EF152274,Cosmopolitan AM3b_A1
EF194160,Cosmopolitan AM3b_A1
KR781591,Cosmopolitan AM3b_A1
JQ513543,Cosmopolitan AM4_A1
JQ513545,Cosmopolitan AM4_A1
JQ513550,Cosmopolitan AM4_A1
KT728348,Cosmopolitan CA1_A1
MK760706,Cosmopolitan CA1_A1
KY242674,Cosmopolitan CA1_A1.1
KY242675,Cosmopolitan CA1_A1.1
LC422734,Cosmopolitan CA1_A1.1
AB570996,Cosmopolitan CA1_A1.1.1
AB571002,Cosmopolitan CA1_A1.1.1
MG383882,Cosmopolitan CA1_A1.1.1
MK321230,Cosmopolitan CA1_A1.1.1
KC465377,Cosmopolitan CA1_B1
KY243237,Cosmopolitan CA1_B1
MK124739,Cosmopolitan CA1_B1
KJ748635,Cosmopolitan CA1_B1.1
KY243236,Cosmopolitan CA1_B1.1
MN642578,Cosmopolitan CA1_B1.1
MN642579,Cosmopolitan CA1_B1.1
JQ944706,Cosmopolitan CA2_A1
MK760756,Cosmopolitan CA2_A1
MK760766,Cosmopolitan CA2_A1
KX148118,Cosmopolitan CE_A1
KX148122,Cosmopolitan CE_A1
MF197742,Cosmopolitan CE_A1
KX148144,Cosmopolitan EE_A1
MK598343,Cosmopolitan EE_A1
MK598344,Cosmopolitan EE_A1
MK760677,Cosmopolitan ME1a_A1
MK760701,Cosmopolitan ME1a_A1
MK760710,Cosmopolitan ME1a_A1
MK760763,Cosmopolitan ME1a_A1
MK760674,Cosmopolitan ME1a_A1.1
MK760740,Cosmopolitan ME1a_A1.1
MK760696,Cosmopolitan ME1a_A1.1.1
MK760704,Cosmopolitan ME1a_A1.1.1
MK760741,Cosmopolitan ME1a_A1.1.1
MK760693,Cosmopolitan ME1a_A1.2
MK760752,Cosmopolitan ME1a_A1.2
MK760767,Cosmopolitan ME1a_A1.2
KX148165,Cosmopolitan ME2_A1
KX148166,Cosmopolitan ME2_A1
KY860609,Cosmopolitan ME2_A1
KY860612,Cosmopolitan ME2_A1.1
MK760714,Cosmopolitan ME2_A1.1
MK760730,Cosmopolitan ME2_A1.1
KY860587,Cosmopolitan ME2_A1.1.1
KY860603,Cosmopolitan ME2_A1.1.1
KY860608,Cosmopolitan ME2_A1.1.1
KY860593,Cosmopolitan ME2_B1
KY860598,Cosmopolitan ME2_B1
KY860599,Cosmopolitan ME2_B1
KY860600,Cosmopolitan ME2_B1
KX148151,Cosmopolitan NEE_A1
KX148154,Cosmopolitan NEE_A1
KX148155,Cosmopolitan NEE_A1
MK598346,Cosmopolitan NEE_A1.1
MK598348,Cosmopolitan NEE_A1.1
MK598349,Cosmopolitan NEE_A1.1
MK598350,Cosmopolitan NEE_A1.1
MK598361,Cosmopolitan NEE_A1.1.1
MK598381,Cosmopolitan NEE_A1.1.1
JQ944704,Cosmopolitan NEE_A1.2
KX148148,Cosmopolitan NEE_A1.2
LT909537,Cosmopolitan NEE_A1.2
LT909538,Cosmopolitan NEE_A1.2
MK598366,Cosmopolitan NEE_B1
MK598372,Cosmopolitan NEE_B1
MK598374,Cosmopolitan NEE_B1
MK598379,Cosmopolitan NEE_B1
MK598387,Cosmopolitan NEE_C1
MK598389,Cosmopolitan NEE_C1
MK598395,Cosmopolitan NEE_C1
LN713561,Cosmopolitan Vac_A1
LN713583,Cosmopolitan Vac_A1
LN713628,Cosmopolitan Vac_A1
AF499686,Cosmopolitan Vac_A1.1
LN713545,Cosmopolitan Vac_A1.1
MH660455,Cosmopolitan Vac_A1.1
EF206719,Cosmopolitan Vac_A1.1.1
LN713663,Cosmopolitan Vac_A1.1.1
LN713666,Cosmopolitan Vac_A1.1.1
LN713669,Cosmopolitan Vac_A1.1.1
LN713558,Cosmopolitan Vac_A1.2
LN713560,Cosmopolitan Vac_A1.2
LN713569,Cosmopolitan Vac_A1.2
LN713603,Cosmopolitan Vac_A1.2
KX148126,Cosmopolitan WE_A1
KX148129,Cosmopolitan WE_A1
KX148130,Cosmopolitan WE_A1
DQ875051,Cosmopolitan_A1
EF542830,Cosmopolitan_A1
MG458319,Cosmopolitan_A1
KX148104,Cosmopolitan_A1.1
MG458309,Cosmopolitan_A1.1
KX148135,Cosmopolitan_A1.1.1
MG458312,Cosmopolitan_A1.1.1
KX148191,Cosmopolitan_A1.1.2
KY860606,Cosmopolitan_A1.1.2
MK760687,Cosmopolitan_A1.1.2
MK760691,Cosmopolitan_A1.1.2
KR906748,Cosmopolitan_A1.2
KR906752,Cosmopolitan_A1.2
KX148209,Cosmopolitan_A1.2
KR906757,Cosmopolitan_A1.2.1
KX148103,Cosmopolitan_A1.2.1
KR906791,Cosmopolitan_A1.2.2
KY210254,Cosmopolitan_A1.2.2
KY210266,Cosmopolitan_A1.2.2
LT909528,Cosmopolitan_A1.2.2
MT454632,Cosmopolitan AF1b_A2
MT454651,Cosmopolitan AF1b_A2
JQ685970,Cosmopolitan_A1.3
KX708501,Cosmopolitan_A1.3
MG458315,Cosmopolitan_A1.3
DQ875050,Cosmopolitan_A1.3.1
JQ685899,Cosmopolitan_A1.3.1
JQ944709,Cosmopolitan_A1.3.1
LT839616,Cosmopolitan_A1.3.1
AB517660,Cosmopolitan_A1.3.2
KC737850,Cosmopolitan_A1.3.2
KX148215,Cosmopolitan_A1.3.2
JQ944708,Cosmopolitan_B1
MK598340,Cosmopolitan_B1
MK598341,Cosmopolitan_B1
KC595282,Cosmopolitan_B1.1
KC595283,Cosmopolitan_B1.1
KY649620,Cosmopolitan_B1.1
KY765901,Cosmopolitan_B1.1
KT119790,Cosmopolitan_B1.1.1
KT119791,Cosmopolitan_B1.1.1
KT119792,Cosmopolitan_B1.1.1
MF781074,Cosmopolitan_B1.1.1
KT336435,Cosmopolitan_C1
KT336436,Cosmopolitan_C1
KT336437,Cosmopolitan_C1
MT454635,Cosmopolitan_C1.1
MT454648,Cosmopolitan_C1.1
MT454652,Cosmopolitan_C1.1
KX148170,Cosmopolitan_D1
KX148172,Cosmopolitan_D1
MN534896,Cosmopolitan_D1
MK760686,Cosmopolitan_E1
MK760692,Cosmopolitan_E1
MK760709,Cosmopolitan_E1
KX148178,Cosmopolitan_F1
KX148181,Cosmopolitan_F1
KX148182,Cosmopolitan_F1
KY860605,Cosmopolitan_F1
DQ837389,Cosmopolitan_F1.1
DQ837390,Cosmopolitan_F1.1
DQ837411,Cosmopolitan_F1.1
DQ837466,Cosmopolitan_F1.1
DQ837398,Cosmopolitan_F1.1.1
DQ837399,Cosmopolitan_F1.1.1
DQ837401,Cosmopolitan_F1.1.1
DQ837485,Cosmopolitan_F1.1.1
KR534230,Cosmopolitan_G1
KR906769,Cosmopolitan_G1
KR906770,Cosmopolitan_G1
KY210304,Cosmopolitan_G1
DQ837385,Cosmopolitan_H1
DQ837410,Cosmopolitan_H1
DQ837418,Cosmopolitan_H1
DQ837482,Cosmopolitan_H1
JX944595,Indian-Sub_A1
KX148245,Indian-Sub_A1
MN534894,Indian-Sub_A1
MH258837,Indian-Sub_A1.1
MH258840,Indian-Sub_A1.1
MH258841,Indian-Sub_A1.1
LC110292,Indian-Sub_B1
LC110301,Indian-Sub_B1
LC110304,Indian-Sub_B1
KY026416,RAC-SK_A1
KY026417,RAC-SK_A1
KY026424,RAC-SK_A1
MF143324,RAC-SK_A1
MF143326,RAC-SK_A1.1
MF143332,RAC-SK_A1.1
MK540770,RAC-SK_A1.1
MF143301,RAC-SK_A1.1.1
MK540749,RAC-SK_A1.1.1
MF143277,RAC-SK_A1.2
MF143308,RAC-SK_A1.2
MK540794,RAC-SK_A1.2
JX855974,RAC-SK_A1.3
JX856001,RAC-SK_A1.3
JX856004,RAC-SK_A1.3
JX856023,RAC-SK_A1.3
JX855968,RAC-SK_A1.3.1
JX855985,RAC-SK_A1.3.1
JX856003,RAC-SK_A1.3.1
KY026462,RAC-SK_A2
KY026464,RAC-SK_A2
KY026466,RAC-SK_A2
KY026467,RAC-SK_A2
MK540675,RAC-SK_B1
MK540763,RAC-SK_B1
MN418176,RAC-SK_B1
JQ685929,RAC-SK_B1.1
JQ685938,RAC-SK_B1.1
JQ685954,RAC-SK_B1.1
JQ685968,RAC-SK_B1.1
MK540886,RAC-SK_B1.1.1
MN418142,RAC-SK_B1.1.1
MN418149,RAC-SK_B1.1.1
MG562520,RAC-SK_B1.1.2
MN418150,RAC-SK_B1.1.2
MN418173,RAC-SK_B1.1.2
MF143311,RAC-SK_B1.2
MF143313,RAC-SK_B1.2
MF143318,RAC-SK_B1.2
MF143315,RAC-SK_B1.2.1
MF143316,RAC-SK_B1.2.1
MK540795,RAC-SK_B1.2.1
MF143327,RAC-SK_C1
MK540726,RAC-SK_C1
MK540734,RAC-SK_C1
MF143330,RAC-SK_C1.1
MF143331,RAC-SK_C1.1
MK540758,RAC-SK_C1.1
MK540778,RAC-SK_C1.1
MK540797,RAC-SK_C1.1.1
MK540842,RAC-SK_C1.1.1
MK540849,RAC-SK_C1.1.1
MK540697,RAC-SK_C1.1.2
MK540709,RAC-SK_C1.1.2
MK540717,RAC-SK_C1.1.2
MK540708,RAC-SK_C1.1.3
MK540715,RAC-SK_C1.1.3
MN418164,RAC-SK_C1.1.3
MG562526,RAC-SK_D1
MK540690,RAC-SK_D1
MK540718,RAC-SK_D1
MK540731,RAC-SK_D1
MF143279,RAC-SK_D1.1
MG562579,RAC-SK_D1.1
MG562606,RAC-SK_D1.1
MG562566,RAC-SK_D1.1.1
MG562575,RAC-SK_D1.1.1
MF143280,RAC-SK_D1.1.2
MG562563,RAC-SK_D1.1.2
MF143338,RAC-SK_D1.1.3
MF143340,RAC-SK_D1.1.3
MG562585,RAC-SK_D1.1.3
MF143284,RAC-SK_D1.2
MG562540,RAC-SK_D1.2
MG562590,RAC-SK_D1.2
MK540704,RAC-SK_D1.2
MK540747,RAC-SK_E1
MK540785,RAC-SK_E1
MK540788,RAC-SK_E1
MK540721,RAC-SK_E1.1
MK540724,RAC-SK_E1.1
MK540769,RAC-SK_E1.1
MG562549,RAC-SK_E1.1.1
MK540740,RAC-SK_E1.1.1
MK540746,RAC-SK_E1.1.1
MN418168,RAC-SK_E1.1.1
MK540729,RAC-SK_E1.2
MK540793,RAC-SK_E1.2
MN418162,RAC-SK_E1.2
MF143192,RAC-SK_F1
MF143203,RAC-SK_F1
MF143207,RAC-SK_F1
MF143196,RAC-SK_F1.1
MF143205,RAC-SK_F1.1
MF143206,RAC-SK_F1.1
MF143214,RAC-SK_F1.1
MF143194,RAC-SK_F1.1.1
MF143199,RAC-SK_F1.1.1
MF143219,RAC-SK_F1.1.1
MF143221,RAC-SK_F1.1.1
MF143263,RAC-SK_G1
MF143286,RAC-SK_G1
MF143353,RAC-SK_G1
MF143401,RAC-SK_G1
MF143393,RAC-SK_G1.1
MF143410,RAC-SK_G1.1
MF143411,RAC-SK_G1.1
MF143414,RAC-SK_G1.1
MF143362,RAC-SK_G1.2
MF143364,RAC-SK_G1.2
MF143372,RAC-SK_G1.2
MF143337,RAC-SK_G1.3
MF143367,RAC-SK_G1.3
MF143391,RAC-SK_G1.3
MF143399,RAC-SK_G1.3
MG562586,RAC-SK_H1
MN418146,RAC-SK_H1
MN418175,RAC-SK_H1
MK540696,RAC-SK_I1
MK540702,RAC-SK_I1
MK540787,RAC-SK_I1
MN418171,RAC-SK_I1
MK540755,RAC-SK_I1.1
MN418153,RAC-SK_I1.1
MN418154,RAC-SK_I1.1
MF143239,RAC-SK_J1
MF143242,RAC-SK_J1
MF143243,RAC-SK_J1
MN418180,RAC-SK_J1
MF143241,RAC-SK_J1.1
MF143245,RAC-SK_J1.1
MF143250,RAC-SK_J1.1
MF143253,RAC-SK_J1.1
MF143208,RAC-SK_K1
MF143228,RAC-SK_K1
MF143229,RAC-SK_K1
MF143231,RAC-SK_K1
MK540760,RAC-SK_L1
MK540766,RAC-SK_L1
MN418151,RAC-SK_L1
MN418163,RAC-SK_L1
MG562591,RAC-SK_M1
MG562601,RAC-SK_M1
MN418148,RAC-SK_M1
MN418179,RAC-SK_M1
MF143377,RAC-SK_N1
MF143406,RAC-SK_N1
MG562593,RAC-SK_N1
MG562584,RAC-SK_O1
MK540765,RAC-SK_O1
MN418144,RAC-SK_O1
MK540759,RAC-SK_P1
MK540799,RAC-SK_P1
MN418158,RAC-SK_P1
MN418167,RAC-SK_P1
MK540875,RAC-SK_Q1
MK540877,RAC-SK_Q1
MK540880,RAC-SK_Q1
MK540831,RAC-SK_R1
MK540834,RAC-SK_R1
MK540873,RAC-SK_R1
MK540876,RAC-SK_R1
JX855970,RAC-SK_S1
JX855990,RAC-SK_S1
JX855993,RAC-SK_S1
JX856032,RAC-SK_S1
KY026445,RAC-SK_Z1
KY026447,RAC-SK_Z1
KY026448,RAC-SK_Z1
KY026456,RAC-SK_Z1
KY026465,RAC-SK_Z1.1
KY026472,RAC-SK_Z1.1
KY026476,RAC-SK_Z1.1
LR812027,Vac_A1
LT993242,Vac_A1
MF630920,Vac_A1
CS614408,Vac_A1.1
EF206707,Vac_A1.1
LR812032,Vac_A1.1
LT993241,Vac_A1.1
JQ685975,Vac_A1.2
LN713660,Vac_A1.2
LT909549,Vac_A1.2
LN713552,Vac_B1
LN713584,Vac_B1
LN713644,Vac_B1
LN713550,Vac_B1.1
LN713557,Vac_B1.1
LN713588,Vac_B1.1
OM863568,Arctic_A1.1
JX987739,Arctic_A1.1
HE801587,Arctic_A1.1
HE801589,Arctic_A1.1
DQ666290,Asian SEA2a_B1
KT894577,Asian SEA2a_B1
JN974828,Asian SEA2a_B1
KP881353,Asian SEA5_A1.3
KP860162,Asian SEA5_A1.3
KP860140,Asian SEA5_A1.3
MT068619,Asian SEA1b_C1.2
MT068617,Asian SEA1b_C1.2
MT068606,Asian SEA1b_C1.2.1
MT068578,Asian SEA1b_C1.2.1
MT068627,Asian SEA1b_C1.2.1
GU644641,Bats MYsp_A1.1
GU644755,Bats MYsp_A1.1
AF394870,Bats MYsp_A1.1
GU644741,Bats MYsp_A1.1.1
GU644742,Bats MYsp_A1.1.1
KY203105,Bats MYsp_B1.1
AF394872,Bats MYsp_B1.1
KY203122,Bats MYsp_B1.1
AB206411,Cosmopolitan AM3b_A1.2
KR781584,Cosmopolitan AM3b_A1.2
KR781578,Cosmopolitan AM3b_A1.2
EF152234,Cosmopolitan AM3b_A1.2.1
KR781601,Cosmopolitan AM3b_A1.2.1
KR781606,Cosmopolitan AM3b_A1.2.1
DQ837393,Cosmopolitan ME2_C1
DQ837447,Cosmopolitan ME2_C1
DQ837464,Cosmopolitan ME2_C1
DQ837437,Cosmopolitan ME2_C1
JF973793,Cosmopolitan NEE_A1.2.1
JF973798,Cosmopolitan NEE_A1.2.1
JF973799,Cosmopolitan NEE_A1.2.1
JF973797,Cosmopolitan NEE_A1.2.1
DQ837428,Cosmopolitan_H1.4
DQ837460,Cosmopolitan_H1.4
DQ837449,Cosmopolitan_H1.4
DQ837409,Cosmopolitan_H1.4
AF461045,Cosmopolitan AM1_A1.1
MW055128,Cosmopolitan AM1_A1.1
JQ513559,Cosmopolitan AM1_A1.1.1
MW055127,Cosmopolitan AM1_A1.1.1
JX856030,Cosmopolitan AM1_A1.1.1
JQ513560,Cosmopolitan AM1_B1
MW055124,Cosmopolitan AM1_B1
JQ513557,Cosmopolitan AM1_B1
OL515141,Cosmopolitan NEE_C1.1
OL515142,Cosmopolitan NEE_C1.1
OL515134,Cosmopolitan NEE_C1.1.1
OL515140,Cosmopolitan NEE_C1.1.1
OL515144,Cosmopolitan NEE_C1.1.1
OL515136,Cosmopolitan NEE_C1.1.1
MF572308,Cosmopolitan CA3_A1
KY382830,Cosmopolitan CA3_A1
MF572298,Cosmopolitan CA3_A1
MF574196,Cosmopolitan CA3_A1
MF572309,Cosmopolitan CA3_A1.1
MF572304,Cosmopolitan CA3_A1.1
MF574188,Cosmopolitan CA3_A1.1
MF574190,Cosmopolitan CA3_A1.1
EF152275,Cosmopolitan AM3a_A1
AB263324,Cosmopolitan AM3a_A1
KR781568,Cosmopolitan AM3a_A1.1
KR781567,Cosmopolitan AM3a_A1.1
KR781544,Cosmopolitan AM3a_A1.1
KR781539,Cosmopolitan AM3a_A1.1.1
EF363731,Cosmopolitan AM3a_A1.1.1
KR781545,Cosmopolitan AM3a_B1
KR781549,Cosmopolitan AM3a_B1
KR781547,Cosmopolitan AM3a_B1
AB817080,Indian-Sub_B1.1
LC110320,Indian-Sub_B1.1
AB817094,Indian-Sub_B1.1
AB638772,Indian-Sub_B1.1
ON986464,RAC-SK_M1.1
ON986472,RAC-SK_M1.1
ON986458,RAC-SK_M1.1
ON986470,RAC-SK_M1.1.1
ON986469,RAC-SK_M1.1.1
ON986433,RAC-SK_M1.1.1
ON986435,RAC-SK_M1.1.1
AY704949,RAC-SK_T1
OP221407,RAC-SK_T1
DQ886067,RAC-SK_T1